id_ficha,expediente,orden,fecha,texto,enlace_texto,enlace_titulo,enlace_url
2854,Nº 199/2026,1,11/09/2026,Entrada en Secretaría,,,
2854,Nº 199/2026,2,14/09/2026,Ingreso en Sesión Ordinaria,,,
2854,Nº 199/2026,3,24/09/2026,Comisión 5 - Reglamento (ver dictamen),(ver dictamen),Comisión 5 - Dictamen Expediente Nº 199/2026,https://www.hcd25demayo.gob.ar/component/content/article/277/11973.html
2854,Nº 199/2026,4,28/09/2026,Ver Resultado Final,Ver Resultado Final,Comunicación Nº 22/2026,https://www.hcd25demayo.gob.ar/legislacion-municipal/ordenanzas/todas-las-ordenanzas/278/11994.html
2855,Nº 200/2026,1,11/09/2026,Entrada en Secretaría,,,
2855,Nº 200/2026,2,14/09/2026,Ingreso en Sesión Ordinaria,,,
2855,Nº 200/2026,3,24/09/2026,Comisión 5 - Reglamento (ver dictamen),(ver dictamen),Comisión 5 - Dictamen Expediente Nº 200/2026,https://www.hcd25demayo.gob.ar/component/content/article/277/11974.html
2855,Nº 200/2026,4,28/09/2026,Ver Resultado Final,Ver Resultado Final,Resolución N° 33/2026,https://www.hcd25demayo.gob.ar/legislacion-municipal/resoluciones/todas-las-resoluciones/355/11998.html
2861,Nº 206/2026,1,24/09/2026,Entrada en Secretaría,,,
2861,Nº 206/2026,2,28/09/2026,Ingreso en Sesión Ordinaria,,,
2867,Nº 212/2026,1,25/09/2026,Entrada en Secretaría,,,
2867,Nº 212/2026,2,28/09/2026,Ingreso en Sesión Ordinaria,,,
2868,Nº 213/2026,1,25/09/2026,Entrada en Secretaría,,,
2868,Nº 213/2026,2,28/09/2026,Ingreso en Sesión Ordinaria,,,
